name,slug,description,assets,facets,optionGroups,optionValues,sku,price,taxCategory,stockOnHand,trackInventory,variantAssets,variantFacets
"Spit Preworkout In My Mouth Washed Gym Shirt","spit-preworkout-in-my-mouth-washed-gym-shirt","Spit Preworkout In My Mouth Washed Gym Shirt","https://cdn.shopify.com/s/files/1/0574/8598/3792/files/8_a6be286c-d1ad-4947-a766-80fbbbafd1f4.jpg?v=1723539902|https://cdn.shopify.com/s/files/1/0574/8598/3792/files/8_a6be286c-d1ad-4947-a766-80fbbbafd1f4.jpg?v=1723539902|https://cdn.shopify.com/s/files/1/0574/8598/3792/files/jpg_750x1000_ae3ab4ed-8d8d-4bdd-934c-ab1fbf5c293d.jpg?v=1722999055|https://cdn.shopify.com/s/files/1/0574/8598/3792/files/111_e03b03bc-e00f-4c69-a0fb-22c7396c8f92.jpg?v=1722998949|https://cdn.shopify.com/s/files/1/0574/8598/3792/files/11_1378c97a-5018-46d2-b5e7-124ebb6534b1.jpg?v=1722998949|https://cdn.shopify.com/s/files/1/0574/8598/3792/files/5_2aebe676-250c-4ab7-9049-973ceef72b7c.jpg?v=1722999027|https://cdn.shopify.com/s/files/1/0574/8598/3792/files/1111_cd6446f2-2964-4688-a035-68f7c9467f73.jpg?v=1722998949|https://cdn.shopify.com/s/files/1/0574/8598/3792/files/fsdaf.jpg?v=1722567851","category:FOR HIM|category:Men's Shirts|category:Inspired by animal|tag:emotion|tag:memecolor:Black|color:Blue|color:Green|color:Gray|color:Brownsize:S|size:M|size:L|size:XL|size:2XL|size:3XL|size:4XL|size:5XL","Color|Size","Black|S",,12,"standard",10,true,"",""
"","","","","","","Black|S","undefined-Black-S",12,"standard",10,true,"",""
"","","","","","","Black|M","undefined-Black-M",12,"standard",10,true,"",""
"","","","","","","Black|L","undefined-Black-L",12,"standard",10,true,"",""
"","","","","","","Black|XL","undefined-Black-XL",12,"standard",10,true,"",""
"","","","","","","Black|2XL","undefined-Black-2XL",12,"standard",10,true,"",""
"","","","","","","Black|3XL","undefined-Black-3XL",12,"standard",10,true,"",""
"","","","","","","Black|4XL","undefined-Black-4XL",12,"standard",10,true,"",""
"","","","","","","Blue|S","undefined-Blue-S",12,"standard",10,true,"",""
"","","","","","","Blue|M","undefined-Blue-M",12,"standard",10,true,"",""
"","","","","","","Blue|L","undefined-Blue-L",12,"standard",10,true,"",""
"","","","","","","Blue|XL","undefined-Blue-XL",12,"standard",10,true,"",""
"","","","","","","Blue|2XL","undefined-Blue-2XL",12,"standard",10,true,"",""
"","","","","","","Blue|3XL","undefined-Blue-3XL",12,"standard",10,true,"",""
"","","","","","","Blue|4XL","undefined-Blue-4XL",12,"standard",10,true,"",""
"","","","","","","Green|S","undefined-Green-S",12,"standard",10,true,"",""
"","","","","","","Green|M","undefined-Green-M",12,"standard",10,true,"",""
"","","","","","","Green|L","undefined-Green-L",12,"standard",10,true,"",""
"","","","","","","Green|XL","undefined-Green-XL",12,"standard",10,true,"",""
"","","","","","","Green|2XL","undefined-Green-2XL",12,"standard",10,true,"",""
"","","","","","","Green|3XL","undefined-Green-3XL",12,"standard",10,true,"",""
"","","","","","","Green|4XL","undefined-Green-4XL",12,"standard",10,true,"",""
"","","","","","","Gray|S","undefined-Gray-S",12,"standard",10,true,"",""
"","","","","","","Gray|M","undefined-Gray-M",12,"standard",10,true,"",""
"","","","","","","Gray|L","undefined-Gray-L",12,"standard",10,true,"",""
"","","","","","","Gray|XL","undefined-Gray-XL",12,"standard",10,true,"",""
"","","","","","","Gray|2XL","undefined-Gray-2XL",12,"standard",10,true,"",""
"","","","","","","Gray|3XL","undefined-Gray-3XL",12,"standard",10,true,"",""
"","","","","","","Gray|4XL","undefined-Gray-4XL",12,"standard",10,true,"",""
"Don't spot me Washed Gym Shirt","dont-spot-me-washed-gym-shirt","Don't spot me Washed Gym Shirt","https://cdn.shopify.com/s/files/1/0574/8598/3792/files/1_354674aa-62cf-4df8-a104-b30311f01fa1.jpg?v=1723436331|https://cdn.shopify.com/s/files/1/0574/8598/3792/files/1_354674aa-62cf-4df8-a104-b30311f01fa1.jpg?v=1723436331|https://cdn.shopify.com/s/files/1/0574/8598/3792/files/10002_4c188564-9e62-4e0e-a72c-e8ab2d869972.jpg?v=1723385142|https://cdn.shopify.com/s/files/1/0574/8598/3792/files/10003_5c3859f0-c94f-4d33-b58d-3810887ff23f.jpg?v=1723385143|https://cdn.shopify.com/s/files/1/0574/8598/3792/files/10004_4503aae7-3f92-45b8-8d49-1bf79b22a138.jpg?v=1723385143|https://cdn.shopify.com/s/files/1/0574/8598/3792/files/10005_db1ab05a-8bd7-4401-a54d-527850676dd4.jpg?v=1723385143|https://cdn.shopify.com/s/files/1/0574/8598/3792/files/jpg_919b74b7-e6e3-46c0-a91d-f3b8da554fc9.jpg?v=1722582162","category:FOR HIM|category:Men's Shirts|category:Inspired by animal|tag:emotion|tag:memecolor:Black|color:Blue|color:Green|color:Brown|color:Graysize:S|size:M|size:L|size:XL|size:2XL|size:3XL|size:4XL|size:5XL","Color|Size","Black|S",,12,"standard",10,true,"",""
"","","","","","","Black|S","undefined-Black-S",12,"standard",10,true,"",""
"","","","","","","Black|M","undefined-Black-M",12,"standard",10,true,"",""
"","","","","","","Black|L","undefined-Black-L",12,"standard",10,true,"",""
"","","","","","","Black|XL","undefined-Black-XL",12,"standard",10,true,"",""
"","","","","","","Black|2XL","undefined-Black-2XL",12,"standard",10,true,"",""
"","","","","","","Black|3XL","undefined-Black-3XL",12,"standard",10,true,"",""
"","","","","","","Black|4XL","undefined-Black-4XL",12,"standard",10,true,"",""
"","","","","","","Blue|S","undefined-Blue-S",12,"standard",10,true,"",""
"","","","","","","Blue|M","undefined-Blue-M",12,"standard",10,true,"",""
"","","","","","","Blue|L","undefined-Blue-L",12,"standard",10,true,"",""
"","","","","","","Blue|XL","undefined-Blue-XL",12,"standard",10,true,"",""
"","","","","","","Blue|2XL","undefined-Blue-2XL",12,"standard",10,true,"",""
"","","","","","","Blue|3XL","undefined-Blue-3XL",12,"standard",10,true,"",""
"","","","","","","Blue|4XL","undefined-Blue-4XL",12,"standard",10,true,"",""
"","","","","","","Green|S","undefined-Green-S",12,"standard",10,true,"",""
"","","","","","","Green|M","undefined-Green-M",12,"standard",10,true,"",""
"","","","","","","Green|L","undefined-Green-L",12,"standard",10,true,"",""
"","","","","","","Green|XL","undefined-Green-XL",12,"standard",10,true,"",""
"","","","","","","Green|2XL","undefined-Green-2XL",12,"standard",10,true,"",""
"","","","","","","Green|3XL","undefined-Green-3XL",12,"standard",10,true,"",""
"","","","","","","Green|4XL","undefined-Green-4XL",12,"standard",10,true,"",""
"","","","","","","Brown|S","undefined-Brown-S",12,"standard",10,true,"",""
"","","","","","","Brown|M","undefined-Brown-M",12,"standard",10,true,"",""
"","","","","","","Brown|L","undefined-Brown-L",12,"standard",10,true,"",""
"","","","","","","Brown|XL","undefined-Brown-XL",12,"standard",10,true,"",""
"","","","","","","Brown|2XL","undefined-Brown-2XL",12,"standard",10,true,"",""
"","","","","","","Brown|3XL","undefined-Brown-3XL",12,"standard",10,true,"",""
"","","","","","","Brown|4XL","undefined-Brown-4XL",12,"standard",10,true,"",""
"everything hurts and I'm tired Washed Gym Shirt","everything-hurts-and-im-tired-washed-gym-shirt","everything hurts and I'm tired Washed Gym Shirt","https://cdn.shopify.com/s/files/1/0574/8598/3792/files/2_7fa7695b-734d-4db7-97e3-e11acce4819a.jpg?v=1723436331|https://cdn.shopify.com/s/files/1/0574/8598/3792/files/2_7fa7695b-734d-4db7-97e3-e11acce4819a.jpg?v=1723436331|https://cdn.shopify.com/s/files/1/0574/8598/3792/files/10004_00560f4a-33cb-4886-a1db-6a9de85bff3a.jpg?v=1723385607|https://cdn.shopify.com/s/files/1/0574/8598/3792/files/10003_a5de0bc3-704c-4f92-93de-f8bc59185781.jpg?v=1723385607|https://cdn.shopify.com/s/files/1/0574/8598/3792/files/10002_ce91cb51-b48d-4fd1-939e-c1a2eefb8622.jpg?v=1723385607|https://cdn.shopify.com/s/files/1/0574/8598/3792/files/10001_1.jpg?v=1723385607|https://cdn.shopify.com/s/files/1/0574/8598/3792/files/jpg_98726d19-fd1f-46e3-97ec-a93e3dda7ccc.jpg?v=1722595808","category:FOR HIM|category:Men's Shirts|category:Inspired by animal|tag:emotion|tag:memecolor:Black|color:Blue|color:Green|color:Brown|color:Graysize:S|size:M|size:L|size:XL|size:2XL|size:3XL|size:4XL|size:5XL","Color|Size","Black|S",,12,"standard",10,true,"",""
"","","","","","","Black|S","undefined-Black-S",12,"standard",10,true,"",""
"","","","","","","Black|M","undefined-Black-M",12,"standard",10,true,"",""
"","","","","","","Black|L","undefined-Black-L",12,"standard",10,true,"",""
"","","","","","","Black|XL","undefined-Black-XL",12,"standard",10,true,"",""
"","","","","","","Black|2XL","undefined-Black-2XL",12,"standard",10,true,"",""
"","","","","","","Black|3XL","undefined-Black-3XL",12,"standard",10,true,"",""
"","","","","","","Black|4XL","undefined-Black-4XL",12,"standard",10,true,"",""
"","","","","","","Blue|S","undefined-Blue-S",12,"standard",10,true,"",""
"","","","","","","Blue|M","undefined-Blue-M",12,"standard",10,true,"",""
"","","","","","","Blue|L","undefined-Blue-L",12,"standard",10,true,"",""
"","","","","","","Blue|XL","undefined-Blue-XL",12,"standard",10,true,"",""
"","","","","","","Blue|2XL","undefined-Blue-2XL",12,"standard",10,true,"",""
"","","","","","","Blue|3XL","undefined-Blue-3XL",12,"standard",10,true,"",""
"","","","","","","Blue|4XL","undefined-Blue-4XL",12,"standard",10,true,"",""
"","","","","","","Green|S","undefined-Green-S",12,"standard",10,true,"",""
"","","","","","","Green|M","undefined-Green-M",12,"standard",10,true,"",""
"","","","","","","Green|L","undefined-Green-L",12,"standard",10,true,"",""
"","","","","","","Green|XL","undefined-Green-XL",12,"standard",10,true,"",""
"","","","","","","Green|2XL","undefined-Green-2XL",12,"standard",10,true,"",""
"","","","","","","Green|3XL","undefined-Green-3XL",12,"standard",10,true,"",""
"","","","","","","Green|4XL","undefined-Green-4XL",12,"standard",10,true,"",""
"","","","","","","Brown|S","undefined-Brown-S",12,"standard",10,true,"",""
"","","","","","","Brown|M","undefined-Brown-M",12,"standard",10,true,"",""
"","","","","","","Brown|L","undefined-Brown-L",12,"standard",10,true,"",""
"","","","","","","Brown|XL","undefined-Brown-XL",12,"standard",10,true,"",""
"","","","","","","Brown|2XL","undefined-Brown-2XL",12,"standard",10,true,"",""
"","","","","","","Brown|3XL","undefined-Brown-3XL",12,"standard",10,true,"",""
"","","","","","","Brown|4XL","undefined-Brown-4XL",12,"standard",10,true,"",""
"If I die I die Washed Gym Shirt","if-i-die-i-die-washed-gym-shirt","If I die I die Washed Gym Shirt","https://cdn.shopify.com/s/files/1/0574/8598/3792/files/6_569d36f6-a736-4334-8d72-43a5eb66ffbe.jpg?v=1723436331|https://cdn.shopify.com/s/files/1/0574/8598/3792/files/6_569d36f6-a736-4334-8d72-43a5eb66ffbe.jpg?v=1723436331|https://cdn.shopify.com/s/files/1/0574/8598/3792/files/10003_e6845fd9-89b6-428e-b5b9-e1f8f948ff52.jpg?v=1723385456|https://cdn.shopify.com/s/files/1/0574/8598/3792/files/10002_22a55d1c-4005-460d-a301-b43443e22db1.jpg?v=1723385456|https://cdn.shopify.com/s/files/1/0574/8598/3792/files/A_00d0bc37-2642-4e41-93c9-f2c250f3d23b.jpg?v=1724211900|https://cdn.shopify.com/s/files/1/0574/8598/3792/files/10005_4bfea1ef-57ef-490c-80f2-e7b3018cf63e.jpg?v=1723385456|https://cdn.shopify.com/s/files/1/0574/8598/3792/files/jpg_736d2b34-51a8-4669-8c10-abca5f42f34b.jpg?v=1722595942","category:FOR HIM|category:Men's Shirts|category:Inspired by animal|tag:emotion|tag:motivationcolor:Black|color:Blue|color:Green|color:Brown|color:Graysize:S|size:M|size:L|size:XL|size:2XL|size:3XL|size:4XL|size:5XL","Color|Size","Black|S",,12,"standard",10,true,"",""
"","","","","","","Black|S","undefined-Black-S",12,"standard",10,true,"",""
"","","","","","","Black|M","undefined-Black-M",12,"standard",10,true,"",""
"","","","","","","Black|L","undefined-Black-L",12,"standard",10,true,"",""
"","","","","","","Black|XL","undefined-Black-XL",12,"standard",10,true,"",""
"","","","","","","Black|2XL","undefined-Black-2XL",12,"standard",10,true,"",""
"","","","","","","Black|3XL","undefined-Black-3XL",12,"standard",10,true,"",""
"","","","","","","Black|4XL","undefined-Black-4XL",12,"standard",10,true,"",""
"","","","","","","Blue|S","undefined-Blue-S",12,"standard",10,true,"",""
"","","","","","","Blue|M","undefined-Blue-M",12,"standard",10,true,"",""
"","","","","","","Blue|L","undefined-Blue-L",12,"standard",10,true,"",""
"","","","","","","Blue|XL","undefined-Blue-XL",12,"standard",10,true,"",""
"","","","","","","Blue|2XL","undefined-Blue-2XL",12,"standard",10,true,"",""
"","","","","","","Blue|3XL","undefined-Blue-3XL",12,"standard",10,true,"",""
"","","","","","","Blue|4XL","undefined-Blue-4XL",12,"standard",10,true,"",""
"","","","","","","Green|S","undefined-Green-S",12,"standard",10,true,"",""
"","","","","","","Green|M","undefined-Green-M",12,"standard",10,true,"",""
"","","","","","","Green|L","undefined-Green-L",12,"standard",10,true,"",""
"","","","","","","Green|XL","undefined-Green-XL",12,"standard",10,true,"",""
"","","","","","","Green|2XL","undefined-Green-2XL",12,"standard",10,true,"",""
"","","","","","","Green|3XL","undefined-Green-3XL",12,"standard",10,true,"",""
"","","","","","","Green|4XL","undefined-Green-4XL",12,"standard",10,true,"",""
"","","","","","","Brown|S","undefined-Brown-S",12,"standard",10,true,"",""
"","","","","","","Brown|M","undefined-Brown-M",12,"standard",10,true,"",""
"","","","","","","Brown|L","undefined-Brown-L",12,"standard",10,true,"",""
"","","","","","","Brown|XL","undefined-Brown-XL",12,"standard",10,true,"",""
"","","","","","","Brown|2XL","undefined-Brown-2XL",12,"standard",10,true,"",""
"","","","","","","Brown|3XL","undefined-Brown-3XL",12,"standard",10,true,"",""
"","","","","","","Brown|4XL","undefined-Brown-4XL",12,"standard",10,true,"",""
"I Workout Because my Wife is Hot Washed Gym Shirt","i-workout-because-my-wife-is-hot-washed-gym-shirt-2","I Workout Because my Wife is Hot Washed Gym Shirt","https://cdn.shopify.com/s/files/1/0574/8598/3792/files/3_21d846d3-6a4d-4846-93ce-5a2ed59e3711.jpg?v=1723455960|https://cdn.shopify.com/s/files/1/0574/8598/3792/files/3_21d846d3-6a4d-4846-93ce-5a2ed59e3711.jpg?v=1723455960|https://cdn.shopify.com/s/files/1/0574/8598/3792/files/10003_ede7a7c7-6a7a-435c-9c61-620d99479db5.jpg?v=1723386227|https://cdn.shopify.com/s/files/1/0574/8598/3792/files/10002_97f05e4a-8ade-49bb-9222-2782121dc30c.jpg?v=1723386228|https://cdn.shopify.com/s/files/1/0574/8598/3792/files/10001_1_25fb90b8-27fb-4d77-a026-972e5363b388.jpg?v=1723386227|https://cdn.shopify.com/s/files/1/0574/8598/3792/files/10001_3df0d2b3-4760-48d9-aab8-6aecb2c65b44.jpg?v=1723386227|https://cdn.shopify.com/s/files/1/0574/8598/3792/files/jpg_12bc4a39-e6e6-46b7-8a9a-aa577e8f8515.jpg?v=1722572561","category:FOR HIM|category:Men's Shirts|category:Inspired by animal|tag:emotion|tag:family|tag:memecolor:Black|color:Green|color:Brown|color:Gray|color:Bluesize:S|size:M|size:L|size:XL|size:2XL|size:3XL|size:4XL|size:5XL","Color|Size","Black|S",,12,"standard",10,true,"",""
"","","","","","","Black|S","undefined-Black-S",12,"standard",10,true,"",""
"","","","","","","Black|M","undefined-Black-M",12,"standard",10,true,"",""
"","","","","","","Black|L","undefined-Black-L",12,"standard",10,true,"",""
"","","","","","","Black|XL","undefined-Black-XL",12,"standard",10,true,"",""
"","","","","","","Black|2XL","undefined-Black-2XL",12,"standard",10,true,"",""
"","","","","","","Black|3XL","undefined-Black-3XL",12,"standard",10,true,"",""
"","","","","","","Black|4XL","undefined-Black-4XL",12,"standard",10,true,"",""
"","","","","","","Green|S","undefined-Green-S",12,"standard",10,true,"",""
"","","","","","","Green|M","undefined-Green-M",12,"standard",10,true,"",""
"","","","","","","Green|L","undefined-Green-L",12,"standard",10,true,"",""
"","","","","","","Green|XL","undefined-Green-XL",12,"standard",10,true,"",""
"","","","","","","Green|2XL","undefined-Green-2XL",12,"standard",10,true,"",""
"","","","","","","Green|3XL","undefined-Green-3XL",12,"standard",10,true,"",""
"","","","","","","Green|4XL","undefined-Green-4XL",12,"standard",10,true,"",""
"","","","","","","Brown|S","undefined-Brown-S",12,"standard",10,true,"",""
"","","","","","","Brown|M","undefined-Brown-M",12,"standard",10,true,"",""
"","","","","","","Brown|L","undefined-Brown-L",12,"standard",10,true,"",""
"","","","","","","Brown|XL","undefined-Brown-XL",12,"standard",10,true,"",""
"","","","","","","Brown|2XL","undefined-Brown-2XL",12,"standard",10,true,"",""
"","","","","","","Brown|3XL","undefined-Brown-3XL",12,"standard",10,true,"",""
"","","","","","","Brown|4XL","undefined-Brown-4XL",12,"standard",10,true,"",""
"","","","","","","Gray|S","undefined-Gray-S",12,"standard",10,true,"",""
"","","","","","","Gray|M","undefined-Gray-M",12,"standard",10,true,"",""
"","","","","","","Gray|L","undefined-Gray-L",12,"standard",10,true,"",""
"","","","","","","Gray|XL","undefined-Gray-XL",12,"standard",10,true,"",""
"","","","","","","Gray|2XL","undefined-Gray-2XL",12,"standard",10,true,"",""
"","","","","","","Gray|3XL","undefined-Gray-3XL",12,"standard",10,true,"",""
"","","","","","","Gray|4XL","undefined-Gray-4XL",12,"standard",10,true,"",""
"Exercise Bear Washed Gym Shirt","exercise-bear-washed-gym-shirt","Exercise Bear Washed Gym Shirt","https://cdn.shopify.com/s/files/1/0574/8598/3792/files/7_f6ab4298-0827-4ffa-a0c1-3c3477fe46f2.jpg?v=1723436331|https://cdn.shopify.com/s/files/1/0574/8598/3792/files/7_f6ab4298-0827-4ffa-a0c1-3c3477fe46f2.jpg?v=1723436331|https://cdn.shopify.com/s/files/1/0574/8598/3792/files/10005.jpg?v=1723385083|https://cdn.shopify.com/s/files/1/0574/8598/3792/files/10003.jpg?v=1723385083|https://cdn.shopify.com/s/files/1/0574/8598/3792/files/10001.jpg?v=1723385084|https://cdn.shopify.com/s/files/1/0574/8598/3792/files/10004.jpg?v=1723385083|https://cdn.shopify.com/s/files/1/0574/8598/3792/files/jpg_948e6d85-86c7-43b7-8d06-507022ea081f.jpg?v=1723436372","category:FOR HIM|category:Men's Shirts|category:Inspired by animal|tag:aft1|tag:animal|tag:Bear0731|tag:cartoon animal|tag:D-bear|tag:funny animal|tag:mfcolor:Black|color:Blue|color:Green|color:Brown|color:Graysize:S|size:M|size:L|size:XL|size:2XL|size:3XL|size:4XL|size:5XL","Color|Size","Black|S",,12,"standard",10,true,"",""
"","","","","","","Black|S","undefined-Black-S",12,"standard",10,true,"",""
"","","","","","","Black|M","undefined-Black-M",12,"standard",10,true,"",""
"","","","","","","Black|L","undefined-Black-L",12,"standard",10,true,"",""
"","","","","","","Black|XL","undefined-Black-XL",12,"standard",10,true,"",""
"","","","","","","Black|2XL","undefined-Black-2XL",12,"standard",10,true,"",""
"","","","","","","Black|3XL","undefined-Black-3XL",12,"standard",10,true,"",""
"","","","","","","Black|4XL","undefined-Black-4XL",12,"standard",10,true,"",""
"","","","","","","Blue|S","undefined-Blue-S",12,"standard",10,true,"",""
"","","","","","","Blue|M","undefined-Blue-M",12,"standard",10,true,"",""
"","","","","","","Blue|L","undefined-Blue-L",12,"standard",10,true,"",""
"","","","","","","Blue|XL","undefined-Blue-XL",12,"standard",10,true,"",""
"","","","","","","Blue|2XL","undefined-Blue-2XL",12,"standard",10,true,"",""
"","","","","","","Blue|3XL","undefined-Blue-3XL",12,"standard",10,true,"",""
"","","","","","","Blue|4XL","undefined-Blue-4XL",12,"standard",10,true,"",""
"","","","","","","Green|S","undefined-Green-S",12,"standard",10,true,"",""
"","","","","","","Green|M","undefined-Green-M",12,"standard",10,true,"",""
"","","","","","","Green|L","undefined-Green-L",12,"standard",10,true,"",""
"","","","","","","Green|XL","undefined-Green-XL",12,"standard",10,true,"",""
"","","","","","","Green|2XL","undefined-Green-2XL",12,"standard",10,true,"",""
"","","","","","","Green|3XL","undefined-Green-3XL",12,"standard",10,true,"",""
"","","","","","","Green|4XL","undefined-Green-4XL",12,"standard",10,true,"",""
"","","","","","","Brown|S","undefined-Brown-S",12,"standard",10,true,"",""
"","","","","","","Brown|M","undefined-Brown-M",12,"standard",10,true,"",""
"","","","","","","Brown|L","undefined-Brown-L",12,"standard",10,true,"",""
"","","","","","","Brown|XL","undefined-Brown-XL",12,"standard",10,true,"",""
"","","","","","","Brown|2XL","undefined-Brown-2XL",12,"standard",10,true,"",""
"","","","","","","Brown|3XL","undefined-Brown-3XL",12,"standard",10,true,"",""
"","","","","","","Brown|4XL","undefined-Brown-4XL",12,"standard",10,true,"",""
"release the quackin' Washed Gym Shirt","release-the-quackin-washed-gym-shirt-2","release the quackin' Washed Gym Shirt","https://cdn.shopify.com/s/files/1/0574/8598/3792/files/7_80b08f1e-0d29-49d4-8091-460dc1709ac1.jpg?v=1723532892|https://cdn.shopify.com/s/files/1/0574/8598/3792/files/7_80b08f1e-0d29-49d4-8091-460dc1709ac1.jpg?v=1723532892|https://cdn.shopify.com/s/files/1/0574/8598/3792/files/10002_1.jpg?v=1723386963|https://cdn.shopify.com/s/files/1/0574/8598/3792/files/10004_d1847621-20ef-422f-9af6-f58d50c05328.jpg?v=1723386963|https://cdn.shopify.com/s/files/1/0574/8598/3792/files/10003_c62398ed-ac0b-4516-86d6-f6d7945ef4fe.jpg?v=1723386963|https://cdn.shopify.com/s/files/1/0574/8598/3792/files/10002_1758f4fe-6bdc-42f9-872a-1bf6036db4a5.jpg?v=1723386963|https://cdn.shopify.com/s/files/1/0574/8598/3792/files/jpg_cb311d22-d193-4aed-aebb-d3b14955750b.jpg?v=1723532957","category:FOR HIM|category:Men's Shirts|category:Inspired by animal|tag:aft1|tag:animal|tag:cartoon animal|tag:funny workout|tag:iroy|tag:mf|tag:Original-Iroycolor:Black|color:Blue|color:Green|color:Brown|color:Graysize:S|size:M|size:L|size:XL|size:2XL|size:3XL|size:4XL|size:5XL","Color|Size","Black|S",,12,"standard",10,true,"",""
"","","","","","","Black|S","undefined-Black-S",12,"standard",10,true,"",""
"","","","","","","Black|M","undefined-Black-M",12,"standard",10,true,"",""
"","","","","","","Black|L","undefined-Black-L",12,"standard",10,true,"",""
"","","","","","","Black|XL","undefined-Black-XL",12,"standard",10,true,"",""
"","","","","","","Black|2XL","undefined-Black-2XL",12,"standard",10,true,"",""
"","","","","","","Black|3XL","undefined-Black-3XL",12,"standard",10,true,"",""
"","","","","","","Black|4XL","undefined-Black-4XL",12,"standard",10,true,"",""
"","","","","","","Blue|S","undefined-Blue-S",12,"standard",10,true,"",""
"","","","","","","Blue|M","undefined-Blue-M",12,"standard",10,true,"",""
"","","","","","","Blue|L","undefined-Blue-L",12,"standard",10,true,"",""
"","","","","","","Blue|XL","undefined-Blue-XL",12,"standard",10,true,"",""
"","","","","","","Blue|2XL","undefined-Blue-2XL",12,"standard",10,true,"",""
"","","","","","","Blue|3XL","undefined-Blue-3XL",12,"standard",10,true,"",""
"","","","","","","Blue|4XL","undefined-Blue-4XL",12,"standard",10,true,"",""
"","","","","","","Green|S","undefined-Green-S",12,"standard",10,true,"",""
"","","","","","","Green|M","undefined-Green-M",12,"standard",10,true,"",""
"","","","","","","Green|L","undefined-Green-L",12,"standard",10,true,"",""
"","","","","","","Green|XL","undefined-Green-XL",12,"standard",10,true,"",""
"","","","","","","Green|2XL","undefined-Green-2XL",12,"standard",10,true,"",""
"","","","","","","Green|3XL","undefined-Green-3XL",12,"standard",10,true,"",""
"","","","","","","Green|4XL","undefined-Green-4XL",12,"standard",10,true,"",""
"","","","","","","Brown|S","undefined-Brown-S",12,"standard",10,true,"",""
"","","","","","","Brown|M","undefined-Brown-M",12,"standard",10,true,"",""
"","","","","","","Brown|L","undefined-Brown-L",12,"standard",10,true,"",""
"","","","","","","Brown|XL","undefined-Brown-XL",12,"standard",10,true,"",""
"","","","","","","Brown|2XL","undefined-Brown-2XL",12,"standard",10,true,"",""
"","","","","","","Brown|3XL","undefined-Brown-3XL",12,"standard",10,true,"",""
"","","","","","","Brown|4XL","undefined-Brown-4XL",12,"standard",10,true,"",""
"eat trash lift heavy Washed Gym Shirt","eat-trash-lift-heavy-washed-gym-shirt-3","eat trash lift heavy Washed Gym Shirt","https://cdn.shopify.com/s/files/1/0574/8598/3792/files/1_565d3a28-6cdf-42a4-bf21-3a43e75d9cff.jpg?v=1723801714|https://cdn.shopify.com/s/files/1/0574/8598/3792/files/1_565d3a28-6cdf-42a4-bf21-3a43e75d9cff.jpg?v=1723801714|https://cdn.shopify.com/s/files/1/0574/8598/3792/files/jpg_567f7142-92b7-4e8f-b981-bddaecd6db79.jpg?v=1723801804","category:FOR HIM|category:Men's Shirts|category:Inspired by animal|tag:aft1|tag:funny animal|tag:Original-Yuziercolor:Blacksize:S|size:M|size:L|size:XL|size:2XL|size:3XL|size:4XL|size:5XL","Color|Size","Black|S",,12,"standard",10,true,"",""
"Everything Hurts and I'm Hungry Vintage Gym Shirt","everything-hurts-and-im-hungry-vintage-gym-shirt-1","Everything Hurts and I'm Hungry Vintage Gym Shirt","https://cdn.shopify.com/s/files/1/0574/8598/3792/files/nv_t_f291ac0b-ab32-4753-8d35-08c4fa542599.jpg?v=1722838356|https://cdn.shopify.com/s/files/1/0574/8598/3792/files/nv_t_f291ac0b-ab32-4753-8d35-08c4fa542599.jpg?v=1722838356|https://cdn.shopify.com/s/files/1/0574/8598/3792/files/lv_41d5f5f4-6b5b-4088-9f64-b432e87d4600.jpg?v=1722838707|https://cdn.shopify.com/s/files/1/0574/8598/3792/files/laN_6f034789-15d0-4d9a-aeb5-0ce85bb89f7a.jpg?v=1722838578|https://cdn.shopify.com/s/files/1/0574/8598/3792/files/h_a706f3f4-e0aa-440a-903d-bee674fc9ce1.jpg?v=1723455824|https://cdn.shopify.com/s/files/1/0574/8598/3792/files/hui_74d441f1-fd3b-4cfc-bbb8-9828e31b3826.jpg?v=1723455943|https://cdn.shopify.com/s/files/1/0574/8598/3792/files/jpg_06d60c8b-ee32-438b-a67f-776e3251ecbd.jpg?v=1722832179","category:FOR HIM|category:Men's Shirts|category:Inspired by animal|tag:letterscolor:Black|color:Green|color:Blue|color:Brown|color:Graysize:S|size:M|size:L|size:XL|size:XXL|size:3XL|size:4XL|size:5XL","Color|Size","Black|S",,12,"standard",10,true,"",""
"","","","","","","Black|S","undefined-Black-S",12,"standard",10,true,"",""
"","","","","","","Black|M","undefined-Black-M",12,"standard",10,true,"",""
"","","","","","","Black|L","undefined-Black-L",12,"standard",10,true,"",""
"","","","","","","Black|XL","undefined-Black-XL",12,"standard",10,true,"",""
"","","","","","","Black|XXL","undefined-Black-XXL",12,"standard",10,true,"",""
"","","","","","","Black|3XL","undefined-Black-3XL",12,"standard",10,true,"",""
"","","","","","","Black|4XL","undefined-Black-4XL",12,"standard",10,true,"",""
"","","","","","","Green|S","undefined-Green-S",12,"standard",10,true,"",""
"","","","","","","Green|M","undefined-Green-M",12,"standard",10,true,"",""
"","","","","","","Green|L","undefined-Green-L",12,"standard",10,true,"",""
"","","","","","","Green|XL","undefined-Green-XL",12,"standard",10,true,"",""
"","","","","","","Green|XXL","undefined-Green-XXL",12,"standard",10,true,"",""
"","","","","","","Green|3XL","undefined-Green-3XL",12,"standard",10,true,"",""
"","","","","","","Green|4XL","undefined-Green-4XL",12,"standard",10,true,"",""
"","","","","","","Blue|S","undefined-Blue-S",12,"standard",10,true,"",""
"","","","","","","Blue|M","undefined-Blue-M",12,"standard",10,true,"",""
"","","","","","","Blue|L","undefined-Blue-L",12,"standard",10,true,"",""
"","","","","","","Blue|XL","undefined-Blue-XL",12,"standard",10,true,"",""
"","","","","","","Blue|XXL","undefined-Blue-XXL",12,"standard",10,true,"",""
"","","","","","","Blue|3XL","undefined-Blue-3XL",12,"standard",10,true,"",""
"","","","","","","Blue|4XL","undefined-Blue-4XL",12,"standard",10,true,"",""
"","","","","","","Brown|S","undefined-Brown-S",12,"standard",10,true,"",""
"","","","","","","Brown|M","undefined-Brown-M",12,"standard",10,true,"",""
"","","","","","","Brown|L","undefined-Brown-L",12,"standard",10,true,"",""
"","","","","","","Brown|XL","undefined-Brown-XL",12,"standard",10,true,"",""
"","","","","","","Brown|XXL","undefined-Brown-XXL",12,"standard",10,true,"",""
"","","","","","","Brown|3XL","undefined-Brown-3XL",12,"standard",10,true,"",""
"","","","","","","Brown|4XL","undefined-Brown-4XL",12,"standard",10,true,"",""
"Your Dad Is My Cardio Vintage Gym Shirt","your-dad-is-my-cardio-vintage-gym-shirt","Your Dad Is My Cardio Vintage Gym Shirt","https://cdn.shopify.com/s/files/1/0574/8598/3792/files/nv_t_c33035cb-65d9-4fbc-887b-95ec67e03f99.jpg?v=1722838973|https://cdn.shopify.com/s/files/1/0574/8598/3792/files/nv_t_c33035cb-65d9-4fbc-887b-95ec67e03f99.jpg?v=1722838973|https://cdn.shopify.com/s/files/1/0574/8598/3792/files/laN_3c810b5a-5c06-40d6-b090-6135cfe692d2.jpg?v=1722838973|https://cdn.shopify.com/s/files/1/0574/8598/3792/files/lv_01738938-2485-477f-94c6-755164272fb5.jpg?v=1722839265|https://cdn.shopify.com/s/files/1/0574/8598/3792/files/h_6db8f40e-a5ed-435b-901d-78cfa3d459c8.jpg?v=1722839265|https://cdn.shopify.com/s/files/1/0574/8598/3792/files/jpg_d20deffd-c7c1-4eec-9a7d-84bcdeea882c.jpg?v=1722582514","category:FOR HIM|category:Men's Shirts|category:Inspired by animal|tag:family|tag:letterscolor:Black|color:Blue|color:Green|color:Brownsize:S|size:M|size:L|size:XL|size:XXL|size:3XL|size:4XL|size:5XL","Color|Size","Black|S",,12,"standard",10,true,"",""
"","","","","","","Black|S","undefined-Black-S",12,"standard",10,true,"",""
"","","","","","","Black|M","undefined-Black-M",12,"standard",10,true,"",""
"","","","","","","Black|L","undefined-Black-L",12,"standard",10,true,"",""
"","","","","","","Black|XL","undefined-Black-XL",12,"standard",10,true,"",""
"","","","","","","Black|XXL","undefined-Black-XXL",12,"standard",10,true,"",""
"","","","","","","Black|3XL","undefined-Black-3XL",12,"standard",10,true,"",""
"","","","","","","Black|4XL","undefined-Black-4XL",12,"standard",10,true,"",""
"","","","","","","Blue|S","undefined-Blue-S",12,"standard",10,true,"",""
"","","","","","","Blue|M","undefined-Blue-M",12,"standard",10,true,"",""
"","","","","","","Blue|L","undefined-Blue-L",12,"standard",10,true,"",""
"","","","","","","Blue|XL","undefined-Blue-XL",12,"standard",10,true,"",""
"","","","","","","Blue|XXL","undefined-Blue-XXL",12,"standard",10,true,"",""
"","","","","","","Blue|3XL","undefined-Blue-3XL",12,"standard",10,true,"",""
"","","","","","","Blue|4XL","undefined-Blue-4XL",12,"standard",10,true,"",""
"","","","","","","Green|S","undefined-Green-S",12,"standard",10,true,"",""
"","","","","","","Green|M","undefined-Green-M",12,"standard",10,true,"",""
"","","","","","","Green|L","undefined-Green-L",12,"standard",10,true,"",""
"","","","","","","Green|XL","undefined-Green-XL",12,"standard",10,true,"",""
"","","","","","","Green|XXL","undefined-Green-XXL",12,"standard",10,true,"",""
"","","","","","","Green|3XL","undefined-Green-3XL",12,"standard",10,true,"",""
"","","","","","","Green|4XL","undefined-Green-4XL",12,"standard",10,true,"",""
"thick thighs thin patience Vintage Gym Shirt","thick-thighs-thin-patience-vintage-gym-shirt","thick thighs thin patience Vintage Gym Shirt","https://cdn.shopify.com/s/files/1/0574/8598/3792/files/nv_t_365f6e91-0305-4c60-ba9c-6e1100353728.jpg?v=1722839775|https://cdn.shopify.com/s/files/1/0574/8598/3792/files/nv_t_365f6e91-0305-4c60-ba9c-6e1100353728.jpg?v=1722839775|https://cdn.shopify.com/s/files/1/0574/8598/3792/files/lv_00dfb5c0-73d5-4dca-a3d4-b5cc493256ee.jpg?v=1722839776|https://cdn.shopify.com/s/files/1/0574/8598/3792/files/h_66efe039-166a-4f5c-ba9a-71244bd64338.jpg?v=1722839776|https://cdn.shopify.com/s/files/1/0574/8598/3792/files/hui_812563dd-2629-479c-b81b-6fd4c7ba677f.jpg?v=1722839776|https://cdn.shopify.com/s/files/1/0574/8598/3792/files/laN_753179f5-fcb5-40bf-9e7a-2aac0c244b5b.jpg?v=1722839775|https://cdn.shopify.com/s/files/1/0574/8598/3792/files/jpg_121cb513-c64d-4834-9691-da81144f52b0.jpg?v=1722586234","category:FOR HIM|category:Men's Shirts|category:Inspired by animal|tag:letterscolor:Black|color:Green|color:Brown|color:gray|color:Bluesize:S|size:M|size:L|size:XL|size:XXL|size:3XL|size:4XL|size:5XL","Color|Size","Black|S",,12,"standard",10,true,"",""
"","","","","","","Black|S","undefined-Black-S",12,"standard",10,true,"",""
"","","","","","","Black|M","undefined-Black-M",12,"standard",10,true,"",""
"","","","","","","Black|L","undefined-Black-L",12,"standard",10,true,"",""
"","","","","","","Black|XL","undefined-Black-XL",12,"standard",10,true,"",""
"","","","","","","Black|XXL","undefined-Black-XXL",12,"standard",10,true,"",""
"","","","","","","Black|3XL","undefined-Black-3XL",12,"standard",10,true,"",""
"","","","","","","Black|4XL","undefined-Black-4XL",12,"standard",10,true,"",""
"","","","","","","Green|S","undefined-Green-S",12,"standard",10,true,"",""
"","","","","","","Green|M","undefined-Green-M",12,"standard",10,true,"",""
"","","","","","","Green|L","undefined-Green-L",12,"standard",10,true,"",""
"","","","","","","Green|XL","undefined-Green-XL",12,"standard",10,true,"",""
"","","","","","","Green|XXL","undefined-Green-XXL",12,"standard",10,true,"",""
"","","","","","","Green|3XL","undefined-Green-3XL",12,"standard",10,true,"",""
"","","","","","","Green|4XL","undefined-Green-4XL",12,"standard",10,true,"",""
"","","","","","","Brown|S","undefined-Brown-S",12,"standard",10,true,"",""
"","","","","","","Brown|M","undefined-Brown-M",12,"standard",10,true,"",""
"","","","","","","Brown|L","undefined-Brown-L",12,"standard",10,true,"",""
"","","","","","","Brown|XL","undefined-Brown-XL",12,"standard",10,true,"",""
"","","","","","","Brown|XXL","undefined-Brown-XXL",12,"standard",10,true,"",""
"","","","","","","Brown|3XL","undefined-Brown-3XL",12,"standard",10,true,"",""
"","","","","","","Brown|4XL","undefined-Brown-4XL",12,"standard",10,true,"",""
"","","","","","","gray|S","undefined-gray-S",12,"standard",10,true,"",""
"","","","","","","gray|M","undefined-gray-M",12,"standard",10,true,"",""
"","","","","","","gray|L","undefined-gray-L",12,"standard",10,true,"",""
"","","","","","","gray|XL","undefined-gray-XL",12,"standard",10,true,"",""
"","","","","","","gray|XXL","undefined-gray-XXL",12,"standard",10,true,"",""
"","","","","","","gray|3XL","undefined-gray-3XL",12,"standard",10,true,"",""
"","","","","","","gray|4XL","undefined-gray-4XL",12,"standard",10,true,"",""
"I Workout Because My Husband is Hot Scoop Bottom Cotton Tank","i-workout-because-my-husband-is-hot-scoop-bottom-cotton-tank","I Workout Because My Husband is Hot Scoop Bottom Cotton Tank","https://cdn.shopify.com/s/files/1/0574/8598/3792/files/1_feec03e7-0fec-4f2a-b424-d5783434bc87.jpg?v=1723628112|https://cdn.shopify.com/s/files/1/0574/8598/3792/files/1_feec03e7-0fec-4f2a-b424-d5783434bc87.jpg?v=1723628112|https://cdn.shopify.com/s/files/1/0574/8598/3792/files/jpg_114b783a-8264-4671-b9be-3c7342e78043.jpg?v=1722578689","category:FOR HIM|category:Men's Shirts|category:Inspired by animal|tag:family|tag:letterscolor:Blacksize:S|size:M|size:L|size:XL|size:XXL|size:3XL","Color|Size","Black|S",,12,"standard",10,true,"",""
"Tarot Card Muscle Mommy Vintage Gym Shirt","tarot-card-muscle-mommy-vintage-gym-shirt","Tarot Card Muscle Mommy Vintage Gym Shirt","https://cdn.shopify.com/s/files/1/0574/8598/3792/files/t_5d443db8-26f7-4bf3-8899-5729543d3b2a.jpg?v=1722853769|https://cdn.shopify.com/s/files/1/0574/8598/3792/files/t_5d443db8-26f7-4bf3-8899-5729543d3b2a.jpg?v=1722853769|https://cdn.shopify.com/s/files/1/0574/8598/3792/files/laN_4bfe534c-a2cf-4548-945b-982d52abab66.jpg?v=1722853986|https://cdn.shopify.com/s/files/1/0574/8598/3792/files/lv_b0f86c03-d9db-4959-bcd9-7925c4ce98e4.jpg?v=1722854249|https://cdn.shopify.com/s/files/1/0574/8598/3792/files/h_1a4bf8db-3255-4509-9c00-f0061fa0eba5.jpg?v=1722854494|https://cdn.shopify.com/s/files/1/0574/8598/3792/files/hui_1b9cfe83-a3d8-4124-a131-5ee933ec6c6b.jpg?v=1722854733|https://cdn.shopify.com/s/files/1/0574/8598/3792/files/jpg_cfa6def1-2321-4b7b-b997-8aa68763648f.jpg?v=1722852860","category:FOR HIM|category:Men's Shirts|category:Inspired by animal|tag:mother|tag:tarotcolor:Black|color:Blue|color:Green|color:Brown|color:Graysize:S|size:M|size:L|size:XL|size:XXL|size:3XL|size:4XL|size:5XL","Color|Size","Black|S",,12,"standard",10,true,"",""
"","","","","","","Black|S","undefined-Black-S",12,"standard",10,true,"",""
"","","","","","","Black|M","undefined-Black-M",12,"standard",10,true,"",""
"","","","","","","Black|L","undefined-Black-L",12,"standard",10,true,"",""
"","","","","","","Black|XL","undefined-Black-XL",12,"standard",10,true,"",""
"","","","","","","Black|XXL","undefined-Black-XXL",12,"standard",10,true,"",""
"","","","","","","Black|3XL","undefined-Black-3XL",12,"standard",10,true,"",""
"","","","","","","Black|4XL","undefined-Black-4XL",12,"standard",10,true,"",""
"","","","","","","Blue|S","undefined-Blue-S",12,"standard",10,true,"",""
"","","","","","","Blue|M","undefined-Blue-M",12,"standard",10,true,"",""
"","","","","","","Blue|L","undefined-Blue-L",12,"standard",10,true,"",""
"","","","","","","Blue|XL","undefined-Blue-XL",12,"standard",10,true,"",""
"","","","","","","Blue|XXL","undefined-Blue-XXL",12,"standard",10,true,"",""
"","","","","","","Blue|3XL","undefined-Blue-3XL",12,"standard",10,true,"",""
"","","","","","","Blue|4XL","undefined-Blue-4XL",12,"standard",10,true,"",""
"","","","","","","Green|S","undefined-Green-S",12,"standard",10,true,"",""
"","","","","","","Green|M","undefined-Green-M",12,"standard",10,true,"",""
"","","","","","","Green|L","undefined-Green-L",12,"standard",10,true,"",""
"","","","","","","Green|XL","undefined-Green-XL",12,"standard",10,true,"",""
"","","","","","","Green|XXL","undefined-Green-XXL",12,"standard",10,true,"",""
"","","","","","","Green|3XL","undefined-Green-3XL",12,"standard",10,true,"",""
"","","","","","","Green|4XL","undefined-Green-4XL",12,"standard",10,true,"",""
"","","","","","","Brown|S","undefined-Brown-S",12,"standard",10,true,"",""
"","","","","","","Brown|M","undefined-Brown-M",12,"standard",10,true,"",""
"","","","","","","Brown|L","undefined-Brown-L",12,"standard",10,true,"",""
"","","","","","","Brown|XL","undefined-Brown-XL",12,"standard",10,true,"",""
"","","","","","","Brown|XXL","undefined-Brown-XXL",12,"standard",10,true,"",""
"","","","","","","Brown|3XL","undefined-Brown-3XL",12,"standard",10,true,"",""
"","","","","","","Brown|4XL","undefined-Brown-4XL",12,"standard",10,true,"",""
"We're Going to Gym Vintage Gym Shirt","were-going-to-gym-vintage-gym-shirt","We're Going to Gym Vintage Gym Shirt","https://cdn.shopify.com/s/files/1/0574/8598/3792/files/t_7e301331-b799-462d-beb4-2e07c82c4c10.jpg?v=1723457695|https://cdn.shopify.com/s/files/1/0574/8598/3792/files/t_7e301331-b799-462d-beb4-2e07c82c4c10.jpg?v=1723457695|https://cdn.shopify.com/s/files/1/0574/8598/3792/files/laN_e433d961-c853-4546-bb25-dd0fab220562.jpg?v=1723457816|https://cdn.shopify.com/s/files/1/0574/8598/3792/files/lv_dc891fa1-2da0-4332-a4dc-f994912083f9.jpg?v=1723457917|https://cdn.shopify.com/s/files/1/0574/8598/3792/files/h_74c619ae-c018-4acd-ad13-5e144e9c7402.jpg?v=1723458990|https://cdn.shopify.com/s/files/1/0574/8598/3792/files/hui_1bb4c0a9-5fd1-4900-93e0-13d77acfc0c9.jpg?v=1723459164|https://cdn.shopify.com/s/files/1/0574/8598/3792/files/jpg_11f26d12-47a6-4b19-b00f-d90b9704c611.jpg?v=1723454904","category:FOR HIM|category:Men's Shirts|category:Inspired by animal|tag:letterscolor:Black|color:Blue|color:Green|color:Brown|color:Graysize:S|size:M|size:L|size:XL|size:XXL|size:3XL|size:4XL|size:5XL","Color|Size","Black|S",,12,"standard",10,true,"",""
"","","","","","","Black|S","undefined-Black-S",12,"standard",10,true,"",""
"","","","","","","Black|M","undefined-Black-M",12,"standard",10,true,"",""
"","","","","","","Black|L","undefined-Black-L",12,"standard",10,true,"",""
"","","","","","","Black|XL","undefined-Black-XL",12,"standard",10,true,"",""
"","","","","","","Black|XXL","undefined-Black-XXL",12,"standard",10,true,"",""
"","","","","","","Black|3XL","undefined-Black-3XL",12,"standard",10,true,"",""
"","","","","","","Black|4XL","undefined-Black-4XL",12,"standard",10,true,"",""
"","","","","","","Blue|S","undefined-Blue-S",12,"standard",10,true,"",""
"","","","","","","Blue|M","undefined-Blue-M",12,"standard",10,true,"",""
"","","","","","","Blue|L","undefined-Blue-L",12,"standard",10,true,"",""
"","","","","","","Blue|XL","undefined-Blue-XL",12,"standard",10,true,"",""
"","","","","","","Blue|XXL","undefined-Blue-XXL",12,"standard",10,true,"",""
"","","","","","","Blue|3XL","undefined-Blue-3XL",12,"standard",10,true,"",""
"","","","","","","Blue|4XL","undefined-Blue-4XL",12,"standard",10,true,"",""
"","","","","","","Green|S","undefined-Green-S",12,"standard",10,true,"",""
"","","","","","","Green|M","undefined-Green-M",12,"standard",10,true,"",""
"","","","","","","Green|L","undefined-Green-L",12,"standard",10,true,"",""
"","","","","","","Green|XL","undefined-Green-XL",12,"standard",10,true,"",""
"","","","","","","Green|XXL","undefined-Green-XXL",12,"standard",10,true,"",""
"","","","","","","Green|3XL","undefined-Green-3XL",12,"standard",10,true,"",""
"","","","","","","Green|4XL","undefined-Green-4XL",12,"standard",10,true,"",""
"","","","","","","Brown|S","undefined-Brown-S",12,"standard",10,true,"",""
"","","","","","","Brown|M","undefined-Brown-M",12,"standard",10,true,"",""
"","","","","","","Brown|L","undefined-Brown-L",12,"standard",10,true,"",""
"","","","","","","Brown|XL","undefined-Brown-XL",12,"standard",10,true,"",""
"","","","","","","Brown|XXL","undefined-Brown-XXL",12,"standard",10,true,"",""
"","","","","","","Brown|3XL","undefined-Brown-3XL",12,"standard",10,true,"",""
"","","","","","","Brown|4XL","undefined-Brown-4XL",12,"standard",10,true,"",""
"WORKIN MY PUFF INTO TUFF Tri Rocker Cotton Tank","workin-my-puff-into-tuff-tri-rocker-cotton-tank","WORKIN MY PUFF INTO TUFF Tri Rocker Cotton Tank","https://cdn.shopify.com/s/files/1/0574/8598/3792/files/a_b4cd11cb-9f92-4870-8310-92a93e818f2b.jpg?v=1722854511|https://cdn.shopify.com/s/files/1/0574/8598/3792/files/a_b4cd11cb-9f92-4870-8310-92a93e818f2b.jpg?v=1722854511|https://cdn.shopify.com/s/files/1/0574/8598/3792/files/jpg_2269736b-5132-4c36-972f-c029d640ac55.jpg?v=1722567723","category:FOR HIM|category:Men's Shirts|category:Inspired by animal|tag:animalcolor:Blacksize:S|size:M|size:L|size:XL|size:XXL|size:3XL","Color|Size","Black|S",,12,"standard",10,true,"",""
"SPIT PREWORKOUT IN MY MOUTH Crop Tops","spit-preworkout-in-my-mouth-crop-tops","SPIT PREWORKOUT IN MY MOUTH Crop Tops","https://cdn.shopify.com/s/files/1/0574/8598/3792/files/ctr.jpg?v=1723177493|https://cdn.shopify.com/s/files/1/0574/8598/3792/files/ctr.jpg?v=1723177493|https://cdn.shopify.com/s/files/1/0574/8598/3792/files/xin_179e2cc4-0112-45b3-91c4-f2fd72620e2b.jpg?v=1723197745|https://cdn.shopify.com/s/files/1/0574/8598/3792/files/jpg_1e3564e4-97e3-40df-8fa9-1864d3ba671c.jpg?v=1722571659|https://cdn.shopify.com/s/files/1/0574/8598/3792/files/jpg_22460751-84eb-495a-b5fc-0b4cadb20905.jpg?v=1722571662","category:FOR HIM|category:Men's Shirts|category:Inspired by animal|tag:letterscolor:Black|color:Light Greensize:S|size:M|size:L|size:XL|size:XXL|size:3XL|size:4XL","Color|Size","Black|S",,12,"standard",10,true,"",""
"","","","","","","Black|S","undefined-Black-S",12,"standard",10,true,"",""
"","","","","","","Black|M","undefined-Black-M",12,"standard",10,true,"",""
"","","","","","","Black|L","undefined-Black-L",12,"standard",10,true,"",""
"","","","","","","Black|XL","undefined-Black-XL",12,"standard",10,true,"",""
"","","","","","","Black|XXL","undefined-Black-XXL",12,"standard",10,true,"",""
"","","","","","","Black|3XL","undefined-Black-3XL",12,"standard",10,true,"",""
"Catlebell Kids Washed T-Shirt","catlebell-kids-washed-t-shirt","Catlebell Kids Washed T-Shirt","https://cdn.shopify.com/s/files/1/0574/8598/3792/files/jpg_3e0821d9-b054-49e2-a73e-7d29f824f8f4.jpg?v=1723804134|https://cdn.shopify.com/s/files/1/0574/8598/3792/files/jpg_3e0821d9-b054-49e2-a73e-7d29f824f8f4.jpg?v=1723804134|https://cdn.shopify.com/s/files/1/0574/8598/3792/files/jpg_25240cf4-69dc-4314-8ae7-7d54277c0821.jpg?v=1723804137|https://cdn.shopify.com/s/files/1/0574/8598/3792/files/jpg_a601e764-52c4-47d1-b410-fdf3f3145ede.jpg?v=1723804139","category:FOR HIM|category:Men's Shirts|category:Inspired by animal|color:Blacksize:1-2Y|size:2-4Y|size:4-6Y|size:6-8Y|size:8-10Y","Color|Size","Black|1-2Y",,12,"standard",10,true,"",""
"DINO-SORE Kids Washed T-Shirt","dino-sore-kids-washed-t-shirt","DINO-SORE Kids Washed T-Shirt","https://cdn.shopify.com/s/files/1/0574/8598/3792/files/jpg_aef7d0e3-2f1a-48c9-a14c-f46e00f944d6.jpg?v=1725417103|https://cdn.shopify.com/s/files/1/0574/8598/3792/files/jpg_aef7d0e3-2f1a-48c9-a14c-f46e00f944d6.jpg?v=1725417103|https://cdn.shopify.com/s/files/1/0574/8598/3792/files/jpg_e4300be7-aafc-456b-a82f-8eb7efa174ad.jpg?v=1725417106|https://cdn.shopify.com/s/files/1/0574/8598/3792/files/jpg_06bd9786-075d-45c4-a9b7-e268cc676bb6.jpg?v=1725417109","category:FOR HIM|category:Men's Shirts|category:Inspired by animal|tag:KIDS YUZIER|tag:yz2409color:Blacksize:1-2Y|size:2-4Y|size:4-6Y|size:6-8Y|size:8-10Y","Color|Size","Black|1-2Y",,12,"standard",10,true,"",""
"BEE STRONG Kids Washed T-Shirt","bee-strong-kids-washed-t-shirt","BEE STRONG Kids Washed T-Shirt","https://cdn.shopify.com/s/files/1/0574/8598/3792/files/jpg_ea53b9a7-e132-4246-afe4-e9b4f3f99ca6.jpg?v=1724904856|https://cdn.shopify.com/s/files/1/0574/8598/3792/files/jpg_ea53b9a7-e132-4246-afe4-e9b4f3f99ca6.jpg?v=1724904856|https://cdn.shopify.com/s/files/1/0574/8598/3792/files/jpg_958b2bf3-76a1-4879-9d45-167a7501e024.jpg?v=1724904858|https://cdn.shopify.com/s/files/1/0574/8598/3792/files/jpg_9dc1a358-ad6b-4bb7-a979-7fd88133d8a7.jpg?v=1724904860","category:FOR HIM|category:Men's Shirts|category:Inspired by animal|tag:KIDS YUZIERcolor:Blacksize:1-2Y|size:2-4Y|size:4-6Y|size:6-8Y|size:8-10Y","Color|Size","Black|1-2Y",,12,"standard",10,true,"",""
"Daddys Little Powerlifter Kids Washed T-Shirt","daddys-little-powerlifter-kids-washed-t-shirt","Daddys Little Powerlifter Kids Washed T-Shirt","https://cdn.shopify.com/s/files/1/0574/8598/3792/files/KWT18046.jpg?v=1724654210|https://cdn.shopify.com/s/files/1/0574/8598/3792/files/KWT18046.jpg?v=1724654210|https://cdn.shopify.com/s/files/1/0574/8598/3792/files/jpg_fcfea476-7a09-4084-95b6-e9b0c1930b23.jpg?v=1724376596|https://cdn.shopify.com/s/files/1/0574/8598/3792/files/jpg_d249738b-482f-4547-82ef-347c9af0137c.jpg?v=1724376598","category:FOR HIM|category:Men's Shirts|category:Inspired by animal|tag:KIDS YUZIERcolor:Blacksize:1-2Y|size:2-4Y|size:4-6Y|size:6-8Y|size:8-10Y","Color|Size","Black|1-2Y",,12,"standard",10,true,"",""
"Leg Day Kids Washed T-Shirt","leg-day-kids-washed-t-shirt","Leg Day Kids Washed T-Shirt","https://cdn.shopify.com/s/files/1/0574/8598/3792/files/jpg_d639d788-bfa8-4ff8-9ea2-e873c8df314b.jpg?v=1723520339|https://cdn.shopify.com/s/files/1/0574/8598/3792/files/jpg_d639d788-bfa8-4ff8-9ea2-e873c8df314b.jpg?v=1723520339|https://cdn.shopify.com/s/files/1/0574/8598/3792/files/jpg_2ef87e76-686d-4611-bdd1-247e255eeac6.jpg?v=1723520342|https://cdn.shopify.com/s/files/1/0574/8598/3792/files/jpg_d0f35fa6-78e0-4dec-a9b2-7f752af2db2d.jpg?v=1723520345","category:FOR HIM|category:Men's Shirts|category:Inspired by animal|tag:KIDS YUZIERcolor:Blacksize:1-2Y|size:2-4Y|size:4-6Y|size:6-8Y|size:8-10Y","Color|Size","Black|1-2Y",,12,"standard",10,true,"",""
"I Do It For The Pizza Kids Washed T-Shirt","i-do-it-for-the-pizza-kids-washed-t-shirt","I Do It For The Pizza Kids Washed T-Shirt","https://cdn.shopify.com/s/files/1/0574/8598/3792/files/jpg_c227724b-89e0-4546-a45f-6c99548d9085.jpg?v=1724376595|https://cdn.shopify.com/s/files/1/0574/8598/3792/files/jpg_c227724b-89e0-4546-a45f-6c99548d9085.jpg?v=1724376595|https://cdn.shopify.com/s/files/1/0574/8598/3792/files/jpg_8a2ec543-362e-4ecb-8b33-33e9a95ff864.jpg?v=1724376597|https://cdn.shopify.com/s/files/1/0574/8598/3792/files/jpg_f626254a-e453-451a-be71-f566480521bf.jpg?v=1724376599","category:FOR HIM|category:Men's Shirts|category:Inspired by animal|tag:KIDS YUZIERcolor:Blacksize:1-2Y|size:2-4Y|size:4-6Y|size:6-8Y|size:8-10Y","Color|Size","Black|1-2Y",,12,"standard",10,true,"",""
"I Sweat Glitter Kids Washed T-Shirt","i-sweat-glitter-kids-washed-t-shirt","I Sweat Glitter Kids Washed T-Shirt","https://cdn.shopify.com/s/files/1/0574/8598/3792/files/jpg_e1dc01d3-d0f0-4a4f-b275-36f5a868ab0d.jpg?v=1724376596|https://cdn.shopify.com/s/files/1/0574/8598/3792/files/jpg_e1dc01d3-d0f0-4a4f-b275-36f5a868ab0d.jpg?v=1724376596|https://cdn.shopify.com/s/files/1/0574/8598/3792/files/jpg_ca82d600-c907-4c34-8906-dca6c1e8cdda.jpg?v=1724376598|https://cdn.shopify.com/s/files/1/0574/8598/3792/files/jpg_3c5ed380-0fd5-4334-b1ea-25c65c4f5f9f.jpg?v=1724376600","category:FOR HIM|category:Men's Shirts|category:Inspired by animal|color:Blacksize:1-2Y|size:2-4Y|size:4-6Y|size:6-8Y|size:8-10Y","Color|Size","Black|1-2Y",,12,"standard",10,true,"",""
"Strong Kids Washed T-Shirt","strong-kids-washed-t-shirt","Strong Kids Washed T-Shirt","https://cdn.shopify.com/s/files/1/0574/8598/3792/files/jpg_58bf30d8-3b9a-4e38-954c-db4ec5e1a58e.jpg?v=1723804132|https://cdn.shopify.com/s/files/1/0574/8598/3792/files/jpg_58bf30d8-3b9a-4e38-954c-db4ec5e1a58e.jpg?v=1723804132|https://cdn.shopify.com/s/files/1/0574/8598/3792/files/jpg_95ec1efd-3015-4f24-8cff-9d2c394c8898.jpg?v=1723804136|https://cdn.shopify.com/s/files/1/0574/8598/3792/files/jpg_0afa1c50-403b-43ca-96dc-18bde405f612.jpg?v=1723804139","category:FOR HIM|category:Men's Shirts|category:Inspired by animal|color:Blacksize:1-2Y|size:2-4Y|size:4-6Y|size:6-8Y|size:8-10Y","Color|Size","Black|1-2Y",,12,"standard",10,true,"",""
"Performance Training Pants","training-pants","Performance Training Pants","https://cdn.shopify.com/s/files/1/0574/8598/3792/files/jpg_ec888e3e-f39b-460e-bf87-be0fd5c85725.jpg?v=1724840552|https://cdn.shopify.com/s/files/1/0574/8598/3792/files/jpg_ec888e3e-f39b-460e-bf87-be0fd5c85725.jpg?v=1724840552|https://cdn.shopify.com/s/files/1/0574/8598/3792/files/jpg_c7cfc7d8-0fb8-4e43-9e69-761f4b2b3f5c.jpg?v=1724840555","category:FOR HIM|category:Men's Shirts|category:Inspired by animal|color:Blacksize:S|size:M|size:L|size:XL|size:2XL","Color|Size","Black|S",,12,"standard",10,true,"",""
"ME and me Performance Training Pants","me-and-me-performance-training-pants","ME and me Performance Training Pants","https://cdn.shopify.com/s/files/1/0574/8598/3792/files/jpg_0683a4bc-319c-4eb8-ba52-a13a9cec7b12.jpg?v=1724224924|https://cdn.shopify.com/s/files/1/0574/8598/3792/files/jpg_0683a4bc-319c-4eb8-ba52-a13a9cec7b12.jpg?v=1724224924|https://cdn.shopify.com/s/files/1/0574/8598/3792/files/jpg_4b3c6f8d-1467-468b-98f3-b1c63d0f10f1.jpg?v=1724224927","category:FOR HIM|category:Men's Shirts|category:Inspired by animal|color:Blacksize:S|size:M|size:L|size:XL|size:2XL","Color|Size","Black|S",,12,"standard",10,true,"",""
"shut up legs you're fine Performance Training Pants","shut-up-legs-youre-fine-performance-training-pants","shut up legs you're fine Performance Training Pants","https://cdn.shopify.com/s/files/1/0574/8598/3792/files/jpg_020792f8-e333-4226-bc91-d539c5a36559.jpg?v=1724381101|https://cdn.shopify.com/s/files/1/0574/8598/3792/files/jpg_020792f8-e333-4226-bc91-d539c5a36559.jpg?v=1724381101|https://cdn.shopify.com/s/files/1/0574/8598/3792/files/jpg_4eaec601-81da-4bb3-ad0c-e2252aa1076c.jpg?v=1724381104","category:FOR HIM|category:Men's Shirts|category:Inspired by animal|color:Blacksize:S|size:M|size:L|size:XL|size:2XL","Color|Size","Black|S",,12,"standard",10,true,"",""
"everything hurts and I'm tired Performance Training Pants","everything-hurts-and-im-tired-performance-training-pants","everything hurts and I'm tired Performance Training Pants","https://cdn.shopify.com/s/files/1/0574/8598/3792/files/jpg_51e6791b-8b95-477b-afe5-503fb3ba6644.jpg?v=1724224880|https://cdn.shopify.com/s/files/1/0574/8598/3792/files/jpg_51e6791b-8b95-477b-afe5-503fb3ba6644.jpg?v=1724224880|https://cdn.shopify.com/s/files/1/0574/8598/3792/files/jpg_20711b57-b8a9-4e80-8bb7-6e14bf638ba5.jpg?v=1724224883","category:FOR HIM|category:Men's Shirts|category:Inspired by animal|color:Blacksize:S|size:M|size:L|size:XL|size:2XL","Color|Size","Black|S",,12,"standard",10,true,"",""
"peace was never an option Performance Training Pants","peace-was-never-an-option-performance-training-pants","peace was never an option Performance Training Pants","https://cdn.shopify.com/s/files/1/0574/8598/3792/files/jpg_dd05d1a2-a7a2-4288-9f4e-3d8dcf07ac20.jpg?v=1724224879|https://cdn.shopify.com/s/files/1/0574/8598/3792/files/jpg_dd05d1a2-a7a2-4288-9f4e-3d8dcf07ac20.jpg?v=1724224879|https://cdn.shopify.com/s/files/1/0574/8598/3792/files/jpg_681f868a-1200-44f9-855c-d351863710a7.jpg?v=1724224882","category:FOR HIM|category:Men's Shirts|category:Inspired by animal|color:Blacksize:S|size:M|size:L|size:XL|size:2XL","Color|Size","Black|S",,12,"standard",10,true,"",""
"do it Performance Training Pants","do-it-performance-training-pants","do it Performance Training Pants","https://cdn.shopify.com/s/files/1/0574/8598/3792/files/jpg_d71a1aa8-622e-4e1e-ad0d-ba72a9ca2352.jpg?v=1724840551|https://cdn.shopify.com/s/files/1/0574/8598/3792/files/jpg_d71a1aa8-622e-4e1e-ad0d-ba72a9ca2352.jpg?v=1724840551|https://cdn.shopify.com/s/files/1/0574/8598/3792/files/jpg_13fc1ee3-9812-4b20-8eee-465f5557c3a7.jpg?v=1724840554","category:FOR HIM|category:Men's Shirts|category:Inspired by animal|color:Blacksize:S|size:M|size:L|size:XL|size:2XL","Color|Size","Black|S",,12,"standard",10,true,"",""
"release the quackin' Performance Training Pants","release-the-quackin-performance-training-pants","release the quackin' Performance Training Pants","https://cdn.shopify.com/s/files/1/0574/8598/3792/files/jpg_da6c9e21-1d1d-4af8-87e4-98ca1e9e7de0.jpg?v=1724224924|https://cdn.shopify.com/s/files/1/0574/8598/3792/files/jpg_da6c9e21-1d1d-4af8-87e4-98ca1e9e7de0.jpg?v=1724224924|https://cdn.shopify.com/s/files/1/0574/8598/3792/files/jpg_437145af-77eb-4e7f-8876-c884f821e695.jpg?v=1724224926","category:FOR HIM|category:Men's Shirts|category:Inspired by animal|color:Blacksize:S|size:M|size:L|size:XL|size:2XL","Color|Size","Black|S",,12,"standard",10,true,"",""
"weightlifting rhino Performance Training Pants","weightlifting-rhino-performance-training-pants","weightlifting rhino Performance Training Pants","https://cdn.shopify.com/s/files/1/0574/8598/3792/files/jpg_7534be73-a822-4deb-ba96-c6fd855e4880.jpg?v=1724224880|https://cdn.shopify.com/s/files/1/0574/8598/3792/files/jpg_7534be73-a822-4deb-ba96-c6fd855e4880.jpg?v=1724224880|https://cdn.shopify.com/s/files/1/0574/8598/3792/files/jpg_7598ce42-a6e6-4d63-9788-4965acedb43d.jpg?v=1724224883","category:FOR HIM|category:Men's Shirts|category:Inspired by animal|color:Blacksize:S|size:M|size:L|size:XL|size:2XL","Color|Size","Black|S",,12,"standard",10,true,"",""
"fight me u lil btch Performance Training Shorts","fight-me-u-lil-btch-performance-training-shorts","fight me u lil btch Performance Training Shorts","https://cdn.shopify.com/s/files/1/0574/8598/3792/files/fight_2f98f0e5-84e5-4822-85a1-9976c2e33c6d.jpg?v=1723428902|https://cdn.shopify.com/s/files/1/0574/8598/3792/files/fight_2f98f0e5-84e5-4822-85a1-9976c2e33c6d.jpg?v=1723428902|https://cdn.shopify.com/s/files/1/0574/8598/3792/files/jpg_aefe24e5-0933-4e5c-b5fe-e9b25e8ee7d0.jpg?v=1723428920","category:FOR HIM|category:Men's Shirts|category:Inspired by animal|tag:aft3|tag:animal|tag:ironpanda ggcolor:Blacksize:XS|size:S|size:M|size:L|size:XL|size:2XL|size:3XL|size:4XL|size:5XL","Color|Size","Black|XS",,12,"standard",10,true,"",""
"squat on my face respectfully Performance Training Shorts","squat-on-my-face-respectfully-performance-training-shorts","squat on my face respectfully Performance Training Shorts","https://cdn.shopify.com/s/files/1/0574/8598/3792/files/jpg_23aed3b5-bf16-4a31-9aab-671cdb097c83.jpg?v=1723428901|https://cdn.shopify.com/s/files/1/0574/8598/3792/files/jpg_23aed3b5-bf16-4a31-9aab-671cdb097c83.jpg?v=1723428901|https://cdn.shopify.com/s/files/1/0574/8598/3792/files/jpg_bfa24d16-84fc-48ae-8e5e-339559cf9e29.jpg?v=1723428961","category:FOR HIM|category:Men's Shirts|category:Inspired by animal|tag:ironpanda gg|tag:memecolor:Blacksize:XS|size:S|size:M|size:L|size:XL|size:2XL|size:3XL|size:4XL|size:5XL","Color|Size","Black|XS",,12,"standard",10,true,"",""
"If I die I die Performance Training Shorts","if-i-die-i-die-performance-training-shorts","If I die I die Performance Training Shorts","https://cdn.shopify.com/s/files/1/0574/8598/3792/files/jpg_02f36383-4ba5-49bf-aff1-705926434ea2.jpg?v=1723428902|https://cdn.shopify.com/s/files/1/0574/8598/3792/files/jpg_02f36383-4ba5-49bf-aff1-705926434ea2.jpg?v=1723428902|https://cdn.shopify.com/s/files/1/0574/8598/3792/files/jpg_40cab22f-51a4-426e-a66d-73fc477702fb.jpg?v=1723428984","category:FOR HIM|category:Men's Shirts|category:Inspired by animal|tag:ironpanda gg|tag:memecolor:Blacksize:XS|size:S|size:M|size:L|size:XL|size:2XL|size:3XL|size:4XL|size:5XL","Color|Size","Black|XS",,12,"standard",10,true,"",""
"everything hurts and I'm tired Performance Training Shorts","everything-hurts-and-im-tired-performance-training-shorts-1","everything hurts and I'm tired Performance Training Shorts","https://cdn.shopify.com/s/files/1/0574/8598/3792/files/jpg_83a09ed7-1733-410d-8be8-dedec1b9d913.jpg?v=1723428902|https://cdn.shopify.com/s/files/1/0574/8598/3792/files/jpg_83a09ed7-1733-410d-8be8-dedec1b9d913.jpg?v=1723428902|https://cdn.shopify.com/s/files/1/0574/8598/3792/files/side_5fb5809c-7518-4476-b137-628f7e5386a4.jpg?v=1723429092","category:FOR HIM|category:Men's Shirts|category:Inspired by animal|tag:memecolor:Blacksize:XS|size:S|size:M|size:L|size:XL|size:2XL|size:3XL|size:4XL|size:5XL","Color|Size","Black|XS",,12,"standard",10,true,"",""
"peace was never an option Performance Training Shorts","peace-was-never-an-option-performance-training-shorts","peace was never an option Performance Training Shorts","https://cdn.shopify.com/s/files/1/0574/8598/3792/files/jpg_5600d38f-1283-4e78-b7c4-6ff3f7f224aa.jpg?v=1723428901|https://cdn.shopify.com/s/files/1/0574/8598/3792/files/jpg_5600d38f-1283-4e78-b7c4-6ff3f7f224aa.jpg?v=1723428901|https://cdn.shopify.com/s/files/1/0574/8598/3792/files/jpg_ef885ca8-2207-4470-be5c-2380f82d4876.jpg?v=1723428974","category:FOR HIM|category:Men's Shirts|category:Inspired by animal|tag:aft3|tag:animalcolor:Blacksize:XS|size:S|size:M|size:L|size:XL|size:2XL|size:3XL|size:4XL|size:5XL","Color|Size","Black|XS",,12,"standard",10,true,"",""
"1% better every day Performance Training Shorts","1-better-every-day-performance-training-shorts","1% better every day Performance Training Shorts","https://cdn.shopify.com/s/files/1/0574/8598/3792/files/jpg_441514ba-cf09-46da-8af5-b1f1479028bb.jpg?v=1723428901|https://cdn.shopify.com/s/files/1/0574/8598/3792/files/jpg_441514ba-cf09-46da-8af5-b1f1479028bb.jpg?v=1723428901|https://cdn.shopify.com/s/files/1/0574/8598/3792/files/side_e2994335-6e86-43e0-b30b-77858ba1d578.jpg?v=1723429442","category:FOR HIM|category:Men's Shirts|category:Inspired by animal|tag:motivationcolor:Blacksize:XS|size:S|size:M|size:L|size:XL|size:2XL|size:3XL|size:4XL|size:5XL","Color|Size","Black|XS",,12,"standard",10,true,"",""
"only gains Performance Training Shorts","only-gains-performance-training-shorts","only gains Performance Training Shorts","https://cdn.shopify.com/s/files/1/0574/8598/3792/files/jpg_95591055-21a8-4d69-bfb5-87e7fc3a30f8.jpg?v=1723428902|https://cdn.shopify.com/s/files/1/0574/8598/3792/files/jpg_95591055-21a8-4d69-bfb5-87e7fc3a30f8.jpg?v=1723428902|https://cdn.shopify.com/s/files/1/0574/8598/3792/files/jpg_2df01a3f-6089-451b-8f14-ba238e37205b.jpg?v=1723429156","category:FOR HIM|category:Men's Shirts|category:Inspired by animal|tag:memecolor:Blacksize:XS|size:S|size:M|size:L|size:XL|size:2XL|size:3XL|size:4XL|size:5XL","Color|Size","Black|XS",,12,"standard",10,true,"",""
"Blank Performance Training Shorts","blank-performance-training-shorts","Blank Performance Training Shorts","https://cdn.shopify.com/s/files/1/0574/8598/3792/files/2.22-2_fcf3a167-6000-486b-8b2b-20c274af40a7.jpg?v=1725952350|https://cdn.shopify.com/s/files/1/0574/8598/3792/files/2.22-2_fcf3a167-6000-486b-8b2b-20c274af40a7.jpg?v=1725952350|https://cdn.shopify.com/s/files/1/0574/8598/3792/files/jpg_0720448c-a0e4-4f20-9422-91e96d9cab7e.jpg?v=1709803962","category:FOR HIM|category:Men's Shirts|category:Inspired by animal|color:Blacksize:XS|size:S|size:M|size:L|size:XL|size:2XL|size:3XL|size:4XL|size:5XL","Color|Size","Black|XS",,12,"standard",10,true,"",""
